Workbook

Sheet LEIA-ME
A1: Plano de Manutenção Preventiva — Empilhadeira Elétrica Vonder EEV 1500 (1,5 tf)
A2: Base: Manual de Instruções Vonder EEV 1500 (cód. 68.57.150.010). Itens marcados 'Boa prática' não constam no manual.
A4: COMO USAR
A5: 1. Criticidade | B5: Aba 'Criticidade': cada componente recebe notas de 1 a 5 (Segurança, Qualidade, Disponibilidade, Probabilidade). O índice e a classe A/B/C são calculados por fórmula. Ajuste as notas à sua realidade (células amarelas) e o plano inteiro se reordena na prioridade.
A6: 2. Plano | B6: Aba 'Plano Preventivo': todas as atividades, com frequência, gatilho em horas, executor, critério de aceitação, EPI, ferramenta e referência no manual. Ordenado por frequência e, dentro dela, por criticidade.
A7: 3. Controle | B7: Aba 'Controle Horímetro': digite o horímetro atual e o horímetro/data da última execução de cada nível. A planilha mostra o que está VENCIDO, a PROGRAMAR ou OK (vale o que vencer primeiro: horas ou dias).
A8: 4. Execução | B8: Imprima 'Checklist Diário' (operador, 1 folha por semana) e use 'Ordem de Serviço' para cada preventiva semanal em diante. Guarde os registros (NR-12 exige registro das manutenções).
A9: 5. Treinamento | B9: Aba 'Treinamento': módulos, carga horária sugerida e matriz de habilitação por assistente. Ninguém executa atividade de um nível para o qual não está habilitado.
A11: NÍVEIS DE EXECUTOR
A12: N1 — Operador | B12: Inspeção pré-uso e pós-uso, carga de bateria. Só verifica e reporta; não desmonta nada. Exige treinamento e cartão de identificação (NR-11, itens 11.1.5 e 11.1.6; cartão com validade de 1 ano).
A13: N2 — Assistente de manutenção | B13: Limpeza, aperto, lubrificação, nível de óleo e eletrólito, densidade, inspeções visuais e funcionais, carga equalizadora. Só após módulos M1 a M7 aprovados.
A14: N3 — Técnico / Assistência Técnica Autorizada Vonder | B14: Ajuste de freio, contator, escovas, troca de óleo hidráulico e de engrenagem, válvula de segurança, controlador, rolamentos. Durante a garantia, OBRIGATORIAMENTE na Assistência Autorizada (ver abaixo).
A16: CLASSES DE CRITICIDADE
A17: A (vermelho) | B17: Falha pode ferir pessoas ou derrubar carga. Item NC = máquina BLOQUEADA até correção (etiqueta 'NÃO OPERE').
A18: B (amarelo) | B18: Falha para a máquina ou gera risco moderado. Corrigir em até 48 h; operar só se o líder liberar por escrito.
A19: C (verde) | B19: Falha com baixo impacto. Corrigir na próxima preventiva programada.
A21: GARANTIA (manual, p. 64) | B21: 90 dias de garantia legal + 9 meses contratual (total 12 meses). Perde a garantia se o produto for aberto, alterado, ajustado ou consertado por pessoa não autorizada pela Vonder, ou por falta de manutenção. Locadoras: só 90 dias. Por isso, nos primeiros 12 meses, todas as tarefas N3 vão para a Assistência Autorizada; as tarefas N1/N2 (sem abrir componentes) ficam com a equipe interna e devem ser registradas (prova de manutenção). Contato Vonder: 0800 723 4762, opção 1; www.vonder.com.br.
A23: PREMISSAS
A24: Regime | B24: Frequências do manual consideram 8 h/dia e 200 h/mês. Em 2 ou 3 turnos, siga o horímetro (aba Controle), não o calendário.
A25: Bateria | B25: Plano considera a bateria indicada pelo manual: chumbo-ácido ventilada 24 V – 216 Ah (não acompanha a máquina). Se usar bateria selada ou de lítio, as tarefas de eletrólito/densidade/equalização não se aplicam: siga o manual da bateria.
A26: Normas citadas | B26: NR-11 (transporte e movimentação de materiais), NR-12 (máquinas: manutenção por profissional capacitado, com bloqueio de energia e registro), NR-6 (EPI), NR-10 (somente para intervenção no lado de corrente alternada do carregador/tomada). ISO 3691 é citada pelo manual.
A28: INCONSISTÊNCIAS DO MANUAL (confirmar com a Assistência Autorizada)
A29: Folga do freio | B29: Tabelas 3, 4 e 5 dizem 0,2–0,8 mm; a Fig. 5 mostra 0,20–0,25 mm; o texto do item 9.6 manda ajustar se passar de 0,5 mm e fala em '0,2 mm e 03 mm' (erro de digitação). Adotado no plano: faixa-alvo 0,2–0,3 mm após ajuste; acima de 0,5 mm = ajustar; acima de 0,8 mm = bloquear a máquina.
A30: Óleo hidráulico | B30: Tabela 7 manda trocar a cada 1.200 h / 6 meses; Tabela 8 a cada 1.000 h. Adotado: 1.000 h ou 6 meses, o que vier primeiro.
A31: Caixa de redução | B31: Tabela 7 fala em troca de ÓLEO de engrenagem (85W-90 GL-5, item 9.9); Tabela 8 fala em troca de GRAXA a cada 1.000 h. Confirmar qual lubrificante vai na sua unidade antes da primeira troca.
A32: Motores | B32: A p. 3 descreve motor de tração AC (sem escovas), mas as Tabelas 5–8 mandam inspecionar escovas de carvão nos motores. Confirmar com a AT quais motores têm escovas (provavelmente o da bomba hidráulica).
A33: Regra 17 (p. 6) | B33: 'Proibido operar com o garfo acima de 500 mm' — interpretado como: proibido DESLOCAR a máquina com o garfo elevado acima de 500 mm.
A34: 'Interruptor de polimento' | B34: Tabela 5, item 15: provável erro de tradução (interruptor de fim de curso/limite). Confirmar.
A35: Substituto do óleo | B35: O manual aceita SAE 20W/20 no lugar do HLP68 'se for difícil comprar'. Não recomendado misturar óleos: use sempre HLP ISO VG 46 e só troque de tipo com o sistema drenado e com aval da AT.
A36: Lacunas | B36: O manual não cita inspeção de correntes de elevação nem dos garfos (trincas/desgaste), essenciais num mastro de 5,6 m. Foram incluídas como 'Boa prática' (referência: ISO 5057, inspeção de garfos).

Sheet Parâmetros
A1: Parâmetros técnicos e limites de aceitação
A2: Valores do manual Vonder EEV 1500. Valores calculados estão em fórmula.
A4: Grupo | B4: Parâmetro | C4: Valor | D4: Unidade | E4: Fonte / observação
A5: Máquina | B5: Capacidade nominal (altura de elevação até 2.500 mm) | C5: 1500 | D5: kg | E5: Manual p. 3 e Tabela 2. Acima de 2.500 mm a capacidade cai: consultar Fig. 1 (diagrama elevação x carga).
A6: Máquina | B6: Centro de carga | C6: 600 | D6: mm | E6: Tabela 2
A7: Máquina | B7: Elevação máxima (h3) | C7: 5600 | D7: mm | E7: Tabela 2
A8: Máquina | B8: Altura de segurança do mastro (acima dela, velocidade reduz para ~3 km/h) | C8: 1800 | D8: mm | E8: Item 5.2.3
A9: Máquina | B9: Massa sem bateria | C9: 1328 | D9: kg | E9: Tabela 2 — usar no içamento
A10: Máquina | B10: Largura mínima de corredor (Ast) | C10: 2450 | D10: mm | E10: Tabela 2
A11: Máquina | B11: Raio de giro (Wa) | C11: 1575 | D11: mm | E11: Tabela 2
A12: Ambiente | B12: Temperatura ambiente permitida (mín.) | C12: -25 | D12: °C | E12: Manual p. 3
A13: Ambiente | B13: Temperatura ambiente permitida (máx.) | C13: 40 | D13: °C | E13: Manual p. 3; a 40 °C, umidade ≤ 50%
A14: Ambiente | B14: Altitude máxima | C14: 1000 | D14: m | E14: Manual p. 3
A15: Bateria | B15: Tensão nominal / capacidade | C15: 24 V / 216 Ah | E15: Tabela 2 (chumbo-ácido, 12 células)
A16: Bateria | B16: Tensão mínima de operação (proibido operar abaixo) | C16: 20.4 | D16: V | E16: Regra 15 (p. 5) e item 6.3 (1,7 V/célula)
A17: Bateria | B17: Densidade do eletrólito com carga completa (25 °C) | C17: 1.28 | D17: g/ml | E17: ± 0,005 — itens 6.2.6 e Tabela 4
A18: Bateria | B18: Densidade para interromper a descarga e recarregar | C18: 1.17 | D18: g/ml | E18: Item 6.3.1
A19: Bateria | B19: Nível do eletrólito acima da placa protetora (mín.) | C19: 15 | D19: mm | E19: Item 6.2.3 (faixa 15–25 mm)
A20: Bateria | B20: Nível do eletrólito acima da placa protetora (máx.) | C20: 25 | D20: mm | E20: Item 6.2.3
A21: Bateria | B21: Temperatura máxima do eletrólito durante a carga | C21: 45 | D21: °C | E21: Item 6.2.5 — acima disso, reduzir corrente 50% ou parar até 35 °C
A22: Bateria | B22: Tensão final de carga (fim do 2º estágio) | C22: 31.2 | D22: V | E22: Item 6.2.6 (2,6 V/célula)
A23: Bateria | B23: Duração aproximada da carga comum | C23: 12 | D23: h | E23: Item 6.3.2 — carregar 130–140% do descarregado
A24: Bateria | B24: Correção de densidade por temperatura | C24: D25 = Dt + 0,0007 × (t − 25) | E24: Item 6.2.4 — t em °C, Dt = densidade lida
A25: Carregador | B25: Saída do carregador automático | C25: 24 V / 30 A | E25: Item 6.9
A26: Freio | B26: Folga do freio — faixa-alvo após ajuste (mín.) | C26: 0.2 | D26: mm | E26: Fig. 5 / item 9.6 (ver inconsistência no LEIA-ME)
A27: Freio | B27: Folga do freio — faixa-alvo após ajuste (máx.) | C27: 0.3 | D27: mm | E27: Adotado no plano
A28: Freio | B28: Folga do freio — acima deste valor, AJUSTAR | C28: 0.5 | D28: mm | E28: Item 9.6
A29: Freio | B29: Folga do freio — acima deste valor, BLOQUEAR a máquina | C29: 0.8 | D29: mm | E29: Tabelas 3, 4 e 5 (limite superior)
A30: Rodas | B30: Roda de direção/tração — diâmetro novo | C30: 250 | D30: mm | E30: Tabela 2 (Ø 250 x 70)
A31: Rodas | B31: Roda de direção/tração — diâmetro mínimo (−5%) | C31: =C30*0.95 -> 237.5 | D31: mm | E31: Tabela 3, item 8: substituir quando o diâmetro reduzir 5%
A32: Rodas | B32: Roda do garfo — diâmetro novo | C32: 80 | D32: mm | E32: Tabela 2 (Ø 80 x 84)
A33: Rodas | B33: Roda do garfo — diâmetro mínimo (−5%) | C33: =C32*0.95 -> 76 | D33: mm | E33: Tabela 3, item 8
A34: Hidráulico | B34: Volume de óleo hidráulico | C34: 12 | D34: L | E34: Item 9.3
A35: Hidráulico | B35: Pressão da válvula de segurança (1.500 kg) | C35: 16 | D35: MPa | E35: Item 12.1 — SOMENTE Assistência Autorizada ajusta
A36: Cabo | B36: Comprimento máximo do cabo da bateria externa (reboque) | C36: 6 | D36: m | E36: Item 4.1.2 — com bateria externa é proibido levantar carga

Sheet Criticidade
A1: Matriz de criticidade
A2: IC = (2×S + Q + D) × P | Classe A: S = 5 ou IC ≥ 60 | Classe B: S = 4 ou IC ≥ 30 | Classe C: demais. Notas em amarelo são editáveis.
A3: Escalas (1 a 5): S = gravidade para pessoas; Q = dano à carga/produto; D = impacto da parada; P = probabilidade de falha no seu uso.
A5: ID | B5: Componente / sistema | C5: Modo de falha principal | D5: Consequência | E5: S | F5: Q | G5: D | H5: P | I5: IC | J5: Classe | K5: Estratégia de manutenção
A6: C01 | B6: Freio eletromagnético | C6: Desgaste das placas de fricção / folga fora da faixa / bobina aberta | D6: Máquina não para; atropelamento, colisão, queda de carga | E6: 5 | F6: 4 | G6: 4 | H6: 3 | I6: =(2*E6+F6+G6)*H6 -> 54 | J6: =IF(OR(E6=5,I6>=60),"A",IF(OR(E6=4,I6>=30),"B","C")) -> A | K6: Teste funcional diário; medição semanal da folga; limpeza trimestral; ajuste só por N3
A7: C02 | B7: Botão de reversão de emergência (timão) | C7: Botão travado ou sem resposta | D7: Operador prensado entre máquina e parede/obstáculo | E7: 5 | F7: 1 | G7: 2 | H7: 2 | I7: =(2*E7+F7+G7)*H7 -> 26 | J7: =IF(OR(E7=5,I7>=60),"A",IF(OR(E7=4,I7>=30),"B","C")) -> A | K7: Teste funcional diário (pré-uso)
A8: C03 | B8: Parada de emergência / plugue / chave geral | C8: Não corta a energia | D8: Impossível parar a máquina em perda de controle | E8: 5 | F8: 1 | G8: 3 | H8: 2 | I8: =(2*E8+F8+G8)*H8 -> 28 | J8: =IF(OR(E8=5,I8>=60),"A",IF(OR(E8=4,I8>=30),"B","C")) -> A | K8: Teste funcional diário; inspeção mensal do plugue
A9: C04 | B9: Sistema hidráulico (bomba, cilindro, tubos, válvulas) | C9: Vazamento, queda de pressão, válvula de descida travada | D9: Garfo desce sozinho ou não desce; queda de carga; piso escorregadio | E9: 5 | F9: 5 | G9: 4 | H9: 3 | I9: =(2*E9+F9+G9)*H9 -> 57 | J9: =IF(OR(E9=5,I9>=60),"A",IF(OR(E9=4,I9>=30),"B","C")) -> A | K9: Inspeção visual diária; nível diário; troca de óleo 1.000 h/6 meses; tubo de alta 2.000 h
A10: C05 | B10: Mastro, roletes, correntes e proteção do mastro | C10: Rolete danificado, corrente alongada/sem lubrificação, mastro deformado | D10: Travamento ou queda da carga em altura (até 5,6 m) | E10: 5 | F10: 5 | G10: 4 | H10: 2 | I10: =(2*E10+F10+G10)*H10 -> 38 | J10: =IF(OR(E10=5,I10>=60),"A",IF(OR(E10=4,I10>=30),"B","C")) -> A | K10: Visual diário; mensal; inspeção anual completa (boa prática)
A11: C06 | B11: Garfos | C11: Trinca no calcanhar, deformação, desgaste | D11: Ruptura do garfo com carga | E11: 5 | F11: 5 | G11: 3 | H11: 2 | I11: =(2*E11+F11+G11)*H11 -> 36 | J11: =IF(OR(E11=5,I11>=60),"A",IF(OR(E11=4,I11>=30),"B","C")) -> A | K11: Visual diário; inspeção anual detalhada (boa prática, ISO 5057)
A12: C07 | B12: Contator principal e controle de elevação | C12: Contatos soldados ou carbonizados | D12: Perda de controle: garfo continua subindo após soltar o botão (item 5.3.1) | E12: 5 | F12: 4 | G12: 5 | H12: 3 | I12: =(2*E12+F12+G12)*H12 -> 57 | J12: =IF(OR(E12=5,I12>=60),"A",IF(OR(E12=4,I12>=30),"B","C")) -> A | K12: Inspeção semanal/mensal; polimento trimestral; substituir por condição (N3)
A13: C08 | B13: Bateria de tração 24 V – 216 Ah | C13: Eletrólito baixo, densidade baixa, vazamento de ácido, sulfatação | D13: Queimadura química, explosão por hidrogênio, parada | E13: 4 | F13: 2 | G13: 5 | H13: 4 | I13: =(2*E13+F13+G13)*H13 -> 60 | J13: =IF(OR(E13=5,I13>=60),"A",IF(OR(E13=4,I13>=30),"B","C")) -> A | K13: Carga diária correta; eletrólito e densidade semanais; equalização a cada 2–3 meses
A14: C09 | B14: Carregador e conexão de carga | C14: Conector danificado, aquecimento, curva de carga errada | D14: Incêndio, sobrecarga ou subcarga da bateria | E14: 4 | F14: 1 | G14: 4 | H14: 3 | I14: =(2*E14+F14+G14)*H14 -> 39 | J14: =IF(OR(E14=5,I14>=60),"A",IF(OR(E14=4,I14>=30),"B","C")) -> B | K14: Visual diário; mensal
A15: C10 | B15: Timão, direção e interruptor de trava (posições A/B/C) | C15: Trava não atua fora do ângulo de 45° ± 35°, folga, rolamento preso | D15: Máquina se desloca quando deveria estar travada; direção presa | E15: 4 | F15: 2 | G15: 4 | H15: 3 | I15: =(2*E15+F15+G15)*H15 -> 42 | J15: =IF(OR(E15=5,I15>=60),"A",IF(OR(E15=4,I15>=30),"B","C")) -> B | K15: Teste diário; inspeção semanal e mensal
A16: C11 | B16: Chicotes, fusíveis e terminais | C16: Terminal frouxo/oxidado, isolação danificada | D16: Curto-circuito, incêndio, parada | E16: 4 | F16: 2 | G16: 5 | H16: 3 | I16: =(2*E16+F16+G16)*H16 -> 45 | J16: =IF(OR(E16=5,I16>=60),"A",IF(OR(E16=4,I16>=30),"B","C")) -> B | K16: Inspeção mensal; limpeza só com ar comprimido
A17: C12 | B17: Fixadores estruturais (pinos e parafusos) | C17: Afrouxamento | D17: Soltura de roda ou componente; acidente | E17: 4 | F17: 3 | G17: 3 | H17: 3 | I17: =(2*E17+F17+G17)*H17 -> 42 | J17: =IF(OR(E17=5,I17>=60),"A",IF(OR(E17=4,I17>=30),"B","C")) -> B | K17: Verificação diária visual; reaperto semanal
... A23: C18 | B23: Sinalização, adesivos e placa de capacidade | C23: Ilegível ou ausente | D23: Sobrecarga e operação indevida | E23: 4 | F23: 1 | G23: 1 | H23: 3 | I23: =(2*E23+F23+G23)*H23 -> 30 | J23: =IF(OR(E23=5,I23>=60),"A",IF(OR(E23=4,I23>=30),"B","C")) -> B | K23: Visual diário; repor imediatamente

Sheet Plano Preventivo
A1: Plano preventivo — atividades, frequência, executor e critério de aceitação
A2: Classe puxada da aba Criticidade. Vale o que vencer primeiro: horas (horímetro) ou calendário. Ref. = item/tabela do manual.
A4: Cód. | B4: Frequência | C4: Gatilho | D4: Comp. | E4: Classe | F4: Sistema | G4: Atividade | H4: Como fazer / critério de aceitação | I4: Executor | J4: EPI | K4: Ferramentas e materiais | L4: Ref. manual
A5: D01 | B5: Diário (pré-uso) | C5: Cada turno | D5: C08 | E5: =INDEX(Criticidade!$J$6:$J$23,MATCH(D5,Criticidade!$A$6:$A$23,0)) -> A | F5: Bateria | G5: Nível de carga no indicador | H5: Ligar chave geral, destravar trava elétrica e ler o medidor. Se a barra da extremidade esquerda estiver acesa: NÃO operar, carregar já. Nunca operar abaixo de 20,4 V. | I5: N1 | J5: Botina, roupa justa (sem peças soltas) | K5: — | L5: 5.1.2 / Tab. 3-9
A6: D02 | B6: Diário (pré-uso) | C6: Cada turno | D6: C08 | E6: =INDEX(Criticidade!$J$6:$J$23,MATCH(D6,Criticidade!$A$6:$A$23,0)) -> A | F6: Bateria | G6: Cabo e conector da bateria | H6: Conector encaixado e firme; cabo sem corte, trinca ou marca de aquecimento. Qualquer dano = bloquear. | I6: N1 | J6: Botina, roupa justa (sem peças soltas) | K6: — | L6: Tab. 3-11
A7: D03 | B7: Diário (pré-uso) | C7: Cada turno | D7: C08 | E7: =INDEX(Criticidade!$J$6:$J$23,MATCH(D7,Criticidade!$A$6:$A$23,0)) -> A | F7: Bateria | G7: Vazamento de eletrólito (visual) | H7: Sem ácido derramado na caixa da bateria nem no piso. Não abrir tampas: só olhar. Vazamento = bloquear e chamar N2. | I7: N1 | J7: Botina, roupa justa (sem peças soltas) | K7: — | L7: Tab. 3-10 / 6.8
A8: D04 | B8: Diário (pré-uso) | C8: Cada turno | D8: C04 | E8: =INDEX(Criticidade!$J$6:$J$23,MATCH(D8,Criticidade!$A$6:$A$23,0)) -> A | F8: Hidráulico | G8: Vazamentos de óleo | H8: Olhar o piso sob a máquina, tubos, mangueiras e cilindro de elevação. Qualquer gotejamento = bloquear. | I8: N1 | J8: Botina, roupa justa (sem peças soltas) | K8: Lanterna | L8: 5.1.1 / Tab. 3-4, 3-6
A9: D05 | B9: Diário (pré-uso) | C9: Cada turno | D9: C04 | E9: =INDEX(Criticidade!$J$6:$J$23,MATCH(D9,Criticidade!$A$6:$A$23,0)) -> A | F9: Hidráulico | G9: Nível do óleo hidráulico | H9: Com o garfo na posição mais baixa, nível dentro da marca do reservatório. Abaixo = chamar N2 (não completar). | I9: N1 | J9: Botina, roupa justa (sem peças soltas) | K9: Lanterna | L9: 9.3 / Tab. 3-5
A10: D06 | B10: Diário (pré-uso) | C10: Cada turno | D10: C01 | E10: =INDEX(Criticidade!$J$6:$J$23,MATCH(D10,Criticidade!$A$6:$A$23,0)) -> A | F10: Freio | G10: Teste funcional do freio | H10: Timão nas posições A e C: máquina freada e travada. Em velocidade baixa, soltar o timão: deve parar em curta distância, sem arrastar. Falhou = BLOQUEAR. | I10: N1 | J10: Botina, roupa justa (sem peças soltas) | K10: — | L10: 5.1.3 / Tab. 3-1, 3-2
A11: D07 | B11: Diário (pré-uso) | C11: Cada turno | D11: C02 | E11: =INDEX(Criticidade!$J$6:$J$23,MATCH(D11,Criticidade!$A$6:$A$23,0)) -> A | F11: Segurança | G11: Botão de reversão de emergência | H11: Em velocidade lenta, avançando em direção ao operador, pressionar o botão de reversão no topo do timão: máquina deve inverter e se afastar. Falhou = BLOQUEAR. | I11: N1 | J11: Botina, roupa justa (sem peças soltas) | K11: — | L11: 5.1.3 / 5.3.3
A12: D08 | B12: Diário (pré-uso) | C12: Cada turno | D12: C03 | E12: =INDEX(Criticidade!$J$6:$J$23,MATCH(D12,Criticidade!$A$6:$A$23,0)) -> A | F12: Segurança | G12: Parada de emergência | H12: Acionar o botão/plugue de emergência: toda a energia deve ser cortada. Rearmar e confirmar religamento. | I12: N1 | J12: Botina, roupa justa (sem peças soltas) | K12: — | L12: 4.1.1 / Fig. 4
A13: D10 | B13: Diário (pré-uso) | C13: Cada turno | D13: C07 | E13: =INDEX(Criticidade!$J$6:$J$23,MATCH(D13,Criticidade!$A$6:$A$23,0)) -> A | F13: Elevação | G13: Funções de elevação e descida | H13: Subir e descer o garfo sem carga até ~1 m: movimento suave, para ao soltar o botão, sem ruído anormal. Garfo que continua subindo = cortar energia (emergência) e BLOQUEAR. | I13: N1 | J13: Botina, roupa justa (sem peças soltas) | K13: — | L13: 5.1.3 / 5.3.1 / Tab. 3-15
A14: D11 | B14: Diário (pré-uso) | C14: Cada turno | D14: C05 | E14: =INDEX(Criticidade!$J$6:$J$23,MATCH(D14,Criticidade!$A$6:$A$23,0)) -> A | F14: Mastro | G14: Mastro, correntes e proteção do mastro | H14: Proteção do mastro montada e íntegra; correntes sem elo travado ou trinca; sem objetos presos. Proteção ausente = proibido operar. | I14: N1 | J14: Botina, roupa justa (sem peças soltas) | K14: Lanterna | L14: 3.8 / Boa prática
A15: D12 | B15: Diário (pré-uso) | C15: Cada turno | D15: C06 | E15: =INDEX(Criticidade!$J$6:$J$23,MATCH(D15,Criticidade!$A$6:$A$23,0)) -> A | F15: Garfos | G15: Garfos | H15: Sem trinca (principalmente na dobra/calcanhar), sem empeno, pontas alinhadas. Dúvida = bloquear e chamar N2. | I15: N1 | J15: Botina, roupa justa (sem peças soltas) | K15: Lanterna | L15: 8.b / Boa prática
A16: D09 | B16: Diário (pré-uso) | C16: Cada turno | D16: C10 | E16: =INDEX(Criticidade!$J$6:$J$23,MATCH(D16,Criticidade!$A$6:$A$23,0)) -> B | F16: Direção | G16: Timão e interruptor de trava | H16: Timão gira suave, volta sozinho para a vertical; só desloca na área B (45° ± 35°). Nas áreas A e C deve apenas subir/descer garfo. Ruído da trava presente ao passar de A para B. | I16: N1 | J16: Botina, roupa justa (sem peças soltas) | K16: — | L16: 5.2.1 / Tab. 3-1, 3-3
... A59: A04 | B59: Anual | C59: 12 meses / 2.400 h | D59: C08 | E59: =INDEX(Criticidade!$J$6:$J$23,MATCH(D59,Criticidade!$A$6:$A$23,0)) -> A | F59: Bateria | G59: Avaliação da bateria | H59: Densidade de todas as células após carga completa e equalização; histórico de quedas de autonomia. Bateria tem vida útil limitada: planejar substituição. | I59: N2 | J59: Óculos de ampla visão ou protetor facial, luva nitrílica/PVC, avental de PVC, botina | K59: Densímetro, multímetro | L59: 6.7 / Boa prática

Sheet Controle Horímetro
A1: Controle de vencimento das preventivas
A2: Edite só as células amarelas. Valores de exemplo em azul: substitua pelos reais. Vence pelo que ocorrer primeiro (horas ou dias).
A4: Horímetro atual (h) | B4: 1180
A5: Data de hoje | B5: =TODAY() -> 46314
A7: Nível | B7: Intervalo (h) | C7: Intervalo (dias) | D7: Último horímetro | E7: Última data | F7: Próximo horímetro | G7: Próxima data | H7: Faltam (h) | I7: Faltam (dias) | J7: Status | K7: Executor
A8: Semanal (50 h) | B8: 50 | C8: 7 | D8: 1150 | E8: 46308 | F8: =IF(OR(B8="",D8=""),"",D8+B8) -> 1200 | G8: =IF(OR(C8="",E8=""),"",E8+C8) -> 46315 | H8: =IF(F8="","",F8-$B$4) -> 20 | I8: =IF(G8="","",G8-$B$5) -> 1 | J8: =IF(OR(AND(H8<>"",H8<=0),AND(I8<>"",I8<=0)),"VENCIDA",IF(OR(AND(H8<>"",H8<=0.1*B8),AND(I8<>"",I8<=7)),"PROGRAMAR","OK")) -> PROGRAMAR | K8: N2
A9: Mensal (200 h) | B9: 200 | C9: 30 | D9: 1000 | E9: 46286 | F9: =IF(OR(B9="",D9=""),"",D9+B9) -> 1200 | G9: =IF(OR(C9="",E9=""),"",E9+C9) -> 46316 | H9: =IF(F9="","",F9-$B$4) -> 20 | I9: =IF(G9="","",G9-$B$5) -> 2 | J9: =IF(OR(AND(H9<>"",H9<=0),AND(I9<>"",I9<=0)),"VENCIDA",IF(OR(AND(H9<>"",H9<=0.1*B9),AND(I9<>"",I9<=7)),"PROGRAMAR","OK")) -> PROGRAMAR | K9: N2 + N3
A10: Equalização da bateria | C10: 75 | E10: 46254 | F10: =IF(OR(B10="",D10=""),"",D10+B10) | G10: =IF(OR(C10="",E10=""),"",E10+C10) -> 46329 | H10: =IF(F10="","",F10-$B$4) | I10: =IF(G10="","",G10-$B$5) -> 15 | J10: =IF(OR(AND(H10<>"",H10<=0),AND(I10<>"",I10<=0)),"VENCIDA",IF(OR(AND(H10<>"",H10<=0.1*B10),AND(I10<>"",I10<=7)),"PROGRAMAR","OK")) -> OK | K10: N2
A11: Trimestral (600 h) | B11: 600 | C11: 91 | D11: 600 | E11: 46223 | F11: =IF(OR(B11="",D11=""),"",D11+B11) -> 1200 | G11: =IF(OR(C11="",E11=""),"",E11+C11) -> 46314 | H11: =IF(F11="","",F11-$B$4) -> 20 | I11: =IF(G11="","",G11-$B$5) -> 0 | J11: =IF(OR(AND(H11<>"",H11<=0),AND(I11<>"",I11<=0)),"VENCIDA",IF(OR(AND(H11<>"",H11<=0.1*B11),AND(I11<>"",I11<=7)),"PROGRAMAR","OK")) -> VENCIDA | K11: N3
A12: Semestral / consumíveis (1.000 h) | B12: 1000 | C12: 182 | D12: 0 | E12: 46152 | F12: =IF(OR(B12="",D12=""),"",D12+B12) -> 1000 | G12: =IF(OR(C12="",E12=""),"",E12+C12) -> 46334 | H12: =IF(F12="","",F12-$B$4) -> -180 | I12: =IF(G12="","",G12-$B$5) -> 20 | J12: =IF(OR(AND(H12<>"",H12<=0),AND(I12<>"",I12<=0)),"VENCIDA",IF(OR(AND(H12<>"",H12<=0.1*B12),AND(I12<>"",I12<=7)),"PROGRAMAR","OK")) -> VENCIDA | K12: N3
A13: Tubo de alta pressão (2.000 h) | B13: 2000 | D13: 0 | E13: 46152 | F13: =IF(OR(B13="",D13=""),"",D13+B13) -> 2000 | G13: =IF(OR(C13="",E13=""),"",E13+C13) | H13: =IF(F13="","",F13-$B$4) -> 820 | I13: =IF(G13="","",G13-$B$5) | J13: =IF(OR(AND(H13<>"",H13<=0),AND(I13<>"",I13<=0)),"VENCIDA",IF(OR(AND(H13<>"",H13<=0.1*B13),AND(I13<>"",I13<=7)),"PROGRAMAR","OK")) -> OK | K13: N3
A14: Anual (boa prática) | B14: 2400 | C14: 365 | D14: 0 | E14: 46152 | F14: =IF(OR(B14="",D14=""),"",D14+B14) -> 2400 | G14: =IF(OR(C14="",E14=""),"",E14+C14) -> 46517 | H14: =IF(F14="","",F14-$B$4) -> 1220 | I14: =IF(G14="","",G14-$B$5) -> 203 | J14: =IF(OR(AND(H14<>"",H14<=0),AND(I14<>"",I14<=0)),"VENCIDA",IF(OR(AND(H14<>"",H14<=0.1*B14),AND(I14<>"",I14<=7)),"PROGRAMAR","OK")) -> OK | K14: N3
A16: Regra: 'PROGRAMAR' aparece quando faltam ≤ 10% das horas ou ≤ 7 dias. Equalização: manual pede a cada 2–3 meses (75 dias adotado). Após executar, atualize 'Último horímetro' e 'Última data'.

Sheet Cronograma 52 sem
A1: Cronograma anual por calendário (referência para 1 turno de 8 h/dia)
A2: Informe a segunda-feira da semana 1 na célula amarela. Em mais de 1 turno, vale a aba Controle Horímetro.
A3: Início (segunda-feira da semana 1): | C3: 46328
A5: Nível | B5: A cada (sem.) | C5: 1 | D5: 2 | E5: 3 | F5: 4 | G5: 5 | H5: 6 | I5: 7 | J5: 8 | K5: 9 | L5: 10 | M5: 11 | N5: 12 | O5: 13 | P5: 14 | Q5: 15 | R5: 16 | S5: 17 | T5: 18 | U5: 19 | V5: 20 | W5: 21 | X5: 22 | Y5: 23 | Z5: 24 | AA5: 25 | AB5: 26 | AC5: 27 | AD5: 28 | AE5: 29 | AF5: 30 | AG5: 31 | AH5: 32 | AI5: 33 | AJ5: 34 | AK5: 35 | AL5: 36 | AM5: 37 | AN5: 38 | AO5: 39 | AP5: 40 | AQ5: 41 | AR5: 42 | AS5: 43 | AT5: 44 | AU5: 45 | AV5: 46 | AW5: 47 | AX5: 48 | AY5: 49 | AZ5: 50 | BA5: 51 | BB5: 52
A6: Data início da semana | C6: =$C$3+(C5-1)*7 -> 46328 | D6: =$C$3+(D5-1)*7 -> 46335 | E6: =$C$3+(E5-1)*7 -> 46342 | F6: =$C$3+(F5-1)*7 -> 46349 | G6: =$C$3+(G5-1)*7 -> 46356 | H6: =$C$3+(H5-1)*7 -> 46363 | I6: =$C$3+(I5-1)*7 -> 46370 | J6: =$C$3+(J5-1)*7 -> 46377 | ... BB6: =$C$3+(BB5-1)*7 -> 46685
A7: Diário pré/pós-uso (N1) | B7: 1 | C7: =IF(MOD(C$5,$B7)=0,"●","") -> ● | D7: =IF(MOD(D$5,$B7)=0,"●","") -> ● | E7: =IF(MOD(E$5,$B7)=0,"●","") -> ● | F7: =IF(MOD(F$5,$B7)=0,"●","") -> ● | G7: =IF(MOD(G$5,$B7)=0,"●","") -> ● | H7: =IF(MOD(H$5,$B7)=0,"●","") -> ● | I7: =IF(MOD(I$5,$B7)=0,"●","") -> ● | J7: =IF(MOD(J$5,$B7)=0,"●","") -> ● | ... BB7: =IF(MOD(BB$5,$B7)=0,"●","") -> ●
A8: Semanal (N2) | B8: 1 | C8: =IF(MOD(C$5,$B8)=0,"●","") -> ● | D8: =IF(MOD(D$5,$B8)=0,"●","") -> ● | E8: =IF(MOD(E$5,$B8)=0,"●","") -> ● | F8: =IF(MOD(F$5,$B8)=0,"●","") -> ● | G8: =IF(MOD(G$5,$B8)=0,"●","") -> ● | H8: =IF(MOD(H$5,$B8)=0,"●","") -> ● | I8: =IF(MOD(I$5,$B8)=0,"●","") -> ● | J8: =IF(MOD(J$5,$B8)=0,"●","") -> ● | ... BB8: =IF(MOD(BB$5,$B8)=0,"●","") -> ●
A9: Mensal (N2/N3) | B9: 4 | C9: =IF(MOD(C$5,$B9)=0,"●","") | D9: =IF(MOD(D$5,$B9)=0,"●","") | E9: =IF(MOD(E$5,$B9)=0,"●","") | F9: =IF(MOD(F$5,$B9)=0,"●","") -> ● | G9: =IF(MOD(G$5,$B9)=0,"●","") | H9: =IF(MOD(H$5,$B9)=0,"●","") | I9: =IF(MOD(I$5,$B9)=0,"●","") | J9: =IF(MOD(J$5,$B9)=0,"●","") -> ● | ... BB9: =IF(MOD(BB$5,$B9)=0,"●","") -> ●
A10: Equalização bateria (N2) | B10: 10 | C10: =IF(MOD(C$5,$B10)=0,"●","") | D10: =IF(MOD(D$5,$B10)=0,"●","") | E10: =IF(MOD(E$5,$B10)=0,"●","") | F10: =IF(MOD(F$5,$B10)=0,"●","") | G10: =IF(MOD(G$5,$B10)=0,"●","") | H10: =IF(MOD(H$5,$B10)=0,"●","") | I10: =IF(MOD(I$5,$B10)=0,"●","") | J10: =IF(MOD(J$5,$B10)=0,"●","") | ... BB10: =IF(MOD(BB$5,$B10)=0,"●","")
A11: Trimestral (N3) | B11: 13 | C11: =IF(MOD(C$5,$B11)=0,"●","") | D11: =IF(MOD(D$5,$B11)=0,"●","") | E11: =IF(MOD(E$5,$B11)=0,"●","") | F11: =IF(MOD(F$5,$B11)=0,"●","") | G11: =IF(MOD(G$5,$B11)=0,"●","") | H11: =IF(MOD(H$5,$B11)=0,"●","") | I11: =IF(MOD(I$5,$B11)=0,"●","") | J11: =IF(MOD(J$5,$B11)=0,"●","") | ... BB11: =IF(MOD(BB$5,$B11)=0,"●","") -> ●
A12: Semestral / 1.000 h (N3) | B12: 26 | C12: =IF(MOD(C$5,$B12)=0,"●","") | D12: =IF(MOD(D$5,$B12)=0,"●","") | E12: =IF(MOD(E$5,$B12)=0,"●","") | F12: =IF(MOD(F$5,$B12)=0,"●","") | G12: =IF(MOD(G$5,$B12)=0,"●","") | H12: =IF(MOD(H$5,$B12)=0,"●","") | I12: =IF(MOD(I$5,$B12)=0,"●","") | J12: =IF(MOD(J$5,$B12)=0,"●","") | ... BB12: =IF(MOD(BB$5,$B12)=0,"●","") -> ●
A13: Anual – boa prática (N3) | B13: 52 | C13: =IF(MOD(C$5,$B13)=0,"●","") | D13: =IF(MOD(D$5,$B13)=0,"●","") | E13: =IF(MOD(E$5,$B13)=0,"●","") | F13: =IF(MOD(F$5,$B13)=0,"●","") | G13: =IF(MOD(G$5,$B13)=0,"●","") | H13: =IF(MOD(H$5,$B13)=0,"●","") | I13: =IF(MOD(I$5,$B13)=0,"●","") | J13: =IF(MOD(J$5,$B13)=0,"●","") | ... BB13: =IF(MOD(BB$5,$B13)=0,"●","") -> ●

Sheet Checklist Diário
A1: Checklist diário do operador — Empilhadeira EEV 1500
A2: Marque C (conforme), NC (não conforme) ou NA. Qualquer NC em item ★ = NÃO OPERE: coloque a etiqueta e avise o líder.
A3: Semana de: | D3: Nº de série: | G3: Setor:
A5: Item | B5: ★ | C5: Verificar | D5: Seg | E5: Ter | F5: Qua | G5: Qui | H5: Sex | I5: Sáb | J5: Dom
A6: D01 | B6: ★ | C6: Nível de carga no indicador: Ligar chave geral, destravar trava elétrica e ler o medidor.
A7: D02 | B7: ★ | C7: Cabo e conector da bateria: Conector encaixado e firme; cabo sem corte, trinca ou marca de aquecimento.
A8: D03 | B8: ★ | C8: Vazamento de eletrólito (visual): Sem ácido derramado na caixa da bateria nem no piso.
A9: D04 | B9: ★ | C9: Vazamentos de óleo: Olhar o piso sob a máquina, tubos, mangueiras e cilindro de elevação.
A10: D05 | B10: ★ | C10: Nível do óleo hidráulico: Com o garfo na posição mais baixa, nível dentro da marca do reservatório.
A11: D06 | B11: ★ | C11: Teste funcional do freio: Timão nas posições A e C: máquina freada e travada.
A12: D07 | B12: ★ | C12: Botão de reversão de emergência: Em velocidade lenta, avançando em direção ao operador, pressionar o botão de reversão no topo do timão: máquina deve inverter e se afastar.
A13: D08 | B13: ★ | C13: Parada de emergência: Acionar o botão/plugue de emergência: toda a energia deve ser cortada.
A14: D10 | B14: ★ | C14: Funções de elevação e descida: Subir e descer o garfo sem carga até ~1 m: movimento suave, para ao soltar o botão, sem ruído anormal.
A15: D11 | B15: ★ | C15: Mastro, correntes e proteção do mastro: Proteção do mastro montada e íntegra; correntes sem elo travado ou trinca; sem objetos presos.
A16: D12 | B16: ★ | C16: Garfos: Sem trinca (principalmente na dobra/calcanhar), sem empeno, pontas alinhadas.
A17: D09 | C17: Timão e interruptor de trava: Timão gira suave, volta sozinho para a vertical; só desloca na área B (45° ± 35°).
A18: D13 | C18: Fixadores visíveis: Nenhum pino ou parafuso faltando ou solto nas rodas e no chassi.
A19: D14 | C19: Rodas: Sem pedaços faltando, sem fita/arame enrolado, sem achatamento visível.
A20: D17 | C20: Adesivos e placa de capacidade: Legíveis e no lugar (capacidade, advertências, pontos de içamento).
A21: D15 | C21: Painel e chave: Ligar a trava elétrica: painel acende e mostra estado normal, sem código de falha.
A22: D16 | C22: Buzina: Pressionar: deve soar alto e claro.
C23: Horímetro no início
C24: Carga da bateria no início (%)
C25: Código de falha no painel (anotar)
C26: Operador (nome e assinatura)
C27: Líder: visto
A29: Exemplo de preenchimento: D06 Seg = C; D10 Ter = NC → máquina bloqueada, etiqueta 'NÃO OPERE', OS aberta. Pós-uso: estacionar plano, garfo no chão, chave retirada, colocar para carregar em área ventilada.

Sheet Ordem de Serviço
A1: Ordem de Serviço — Manutenção Preventiva
A2: Uma OS por intervenção. Arquivar por 5 anos (sugestão) como prova de manutenção para garantia e NR-12.
A4: Nº OS: | C4: Data: | E4: Horímetro:
A5: Nível (Semanal/Mensal/...): | C5: Executor: | E5: Habilitação (N1/N2/N3):
A6: Hora início: | C6: Hora fim: | E6: Máquina bloqueada (LOTO) por:
A8: Cód. tarefa | B8: Atividade | C8: Resultado (C/NC) | D8: Valor medido | E8: Ação tomada | F8: Visto
A9: S01 | B9: Medição da folga do freio | C9: C | D9: 0,35 mm | E9: Nenhuma | F9: JS
A22: Peça / consumível | B22: Código | C22: Quantidade | D22: Lote/NF
A28: Anomalias encontradas / pendências:
A33: LIBERAÇÃO PARA USO
A34: ☐ Ferramentas e materiais retirados da máquina
A35: ☐ Proteções e tampas recolocadas
A36: ☐ Teste funcional: freio, reversão de emergência, parada de emergência, elevação/descida, buzina
A37: ☐ Sem vazamentos após teste
A38: ☐ Bloqueio (cadeado/etiqueta) retirado pelo mesmo executor que bloqueou
A40: Executor (assinatura): | D40: Líder / liberação (assinatura):

Sheet Treinamento
A1: Programa de treinamento e matriz de habilitação
A2: Carga horária e nota mínima são sugestões (política interna). Reciclagem anual recomendada, alinhada à validade do cartão do operador (NR-11).
A4: Módulo | B4: Tema | C4: Público | D4: Carga (h) | E4: Teoria / prática | F4: Conteúdo-chave | G4: Avaliação para habilitar | H4: Base
A5: M1 | B5: Segurança e regras de operação | C5: Operadores e assistentes | D5: 4 | E5: Teoria | F5: Símbolos; regras do cap. 2 e 3; proibições (sobrecarga, passageiros, rampa, deslocar com garfo > 500 mm, piso irregular, ambiente inflamável); capacidade x altura (Fig. 1); centro de carga 600 mm. | G5: Prova escrita ≥ 80% | H5: Manual cap. 2–3; NR-11
A6: M2 | B6: Inspeção pré-uso e operação | C6: Operadores e assistentes | D6: 4 | E6: Prática | F6: Checklist diário item a item com a máquina; teste de freio, reversão e parada de emergência; posições A/B/C do timão; empilhar/desempilhar (300 mm da prateleira, 100 mm acima, 200–300 mm do chão). | G6: 3 inspeções completas supervisionadas sem erro | H6: Manual cap. 4, 5, 7
A7: M3 | B7: Bateria: carga, eletrólito e emergência química | C7: Assistentes (operadores: só carga) | D7: 3 | E7: Teoria + prática | F7: Hidrogênio e ventilação; EPI de ácido; nível 15–25 mm; densímetro e correção por temperatura; carga comum e equalizadora; primeiros socorros (lavar com muita água; olhos: lavar e procurar médico); neutralização de derrame com cal ou bicarbonato. | G7: Medir 12 células e calcular D25 corretamente | H7: Manual cap. 6 e 11
A8: M4 | B8: Bloqueio de energia e segurança na manutenção | C8: Assistentes | D8: 2 | E8: Teoria + prática | F8: Garfo no ponto mais baixo e calçado; chave e chave geral desligadas; desconectar bateria; cadeado + etiqueta; descarregar capacitores; sistema hidráulico despressurizado; trabalho em altura no mastro só com proteção; proibido fumar. | G8: Executar bloqueio completo sem falhas | H8: Manual 9.1; NR-12
A9: M5 | B9: Manutenção N2 | C9: Assistentes | D9: 4 | E9: Prática | F9: Tarefas semanais e mensais da aba Plano: limpeza a seco, reaperto, lubrificação (graxa lítio NLGI 3), nível de óleo HLP 46, medição de folga do freio, medição de rodas. | G9: Executar 1 preventiva semanal e 1 mensal supervisionadas | H9: Manual 9.4–9.6
A10: M6 | B10: Diagnóstico básico e escalonamento | C10: Assistentes | D10: 2 | E10: Teoria | F10: Leitura de códigos e LEDs do controlador; tabela de falhas comuns (aba Diagnóstico); o que o assistente pode fazer e quando parar e chamar a AT. | G10: Estudo de 5 casos ≥ 80% | H10: Manual cap. 12–13
A11: M7 | B11: Registro e documentação | C11: Assistentes e líderes | D11: 1 | E11: Prática | F11: Preencher checklist, OS e Controle Horímetro; etiqueta 'NÃO OPERE'; arquivo para garantia. | G11: Preencher 1 OS completa | H11: NR-12 (registro)
C12: Total (h) | D12: =SUM(D5:D11) -> 20
A14: MATRIZ DE HABILITAÇÃO — preencha com a data de aprovação (dd/mm/aaaa). Vazio = não habilitado.
A15: Nº | B15: Nome do assistente | C15: Função | D15: M1 | E15: M2 | F15: M3 | G15: M4 | H15: M5 | I15: M6 | J15: M7 | K15: Habilitado N2? | L15: Reciclagem em
A16: 1 | B16: Exemplo: João Silva | C16: Assistente | D16: 46329 | E16: 46329 | F16: 46329 | G16: 46329 | H16: 46329 | I16: 46329 | J16: 46329 | K16: =IF(B16="","",IF(COUNT(D16:J16)=7,"SIM","NÃO")) -> SIM | L16: =IF(COUNT(D16:J16)=0,"",MAX(D16:J16)+365) -> 46694
A17: 2 | K17: =IF(B17="","",IF(COUNT(D17:J17)=7,"SIM","NÃO")) | L17: =IF(COUNT(D17:J17)=0,"",MAX(D17:J17)+365)
A18: 3 | K18: =IF(B18="","",IF(COUNT(D18:J18)=7,"SIM","NÃO")) | L18: =IF(COUNT(D18:J18)=0,"",MAX(D18:J18)+365)
A19: 4 | K19: =IF(B19="","",IF(COUNT(D19:J19)=7,"SIM","NÃO")) | L19: =IF(COUNT(D19:J19)=0,"",MAX(D19:J19)+365)
A20: 5 | K20: =IF(B20="","",IF(COUNT(D20:J20)=7,"SIM","NÃO")) | L20: =IF(COUNT(D20:J20)=0,"",MAX(D20:J20)+365)
A21: 6 | K21: =IF(B21="","",IF(COUNT(D21:J21)=7,"SIM","NÃO")) | L21: =IF(COUNT(D21:J21)=0,"",MAX(D21:J21)+365)
A22: 7 | K22: =IF(B22="","",IF(COUNT(D22:J22)=7,"SIM","NÃO")) | L22: =IF(COUNT(D22:J22)=0,"",MAX(D22:J22)+365)
A23: 8 | K23: =IF(B23="","",IF(COUNT(D23:J23)=7,"SIM","NÃO")) | L23: =IF(COUNT(D23:J23)=0,"",MAX(D23:J23)+365)

Sheet Diagnóstico
A1: Falhas comuns: ação imediata e quem resolve
A2: Resumo das Tabelas 9 a 12 e do item 5.3 do manual. Na dúvida, bloquear e chamar a Assistência Autorizada.
A4: Sintoma | B4: Ação imediata (operador) | C4: Causas prováveis (manual) | D4: Quem resolve | E4: Ref.
A5: Garfo continua subindo após soltar o botão | B5: Desligar a chave geral (cortar energia) imediatamente. Afastar pessoas. Não ficar sob o garfo. BLOQUEAR. | C5: Contator soldado / circuito de elevação | D5: N3 | E5: 5.3.1 / Tab. 12 cód. 3,8
A6: Freio não funciona em movimento | B6: Interromper a operação na hora; usar reversão/parada de emergência. BLOQUEAR. | C6: Parafusos do interruptor soltos; fio do freio solto; placas gastas | D6: N3 | E6: 5.3.2 / Tab. 9-4
A7: Máquina empurrando operador contra obstáculo | B7: Pressionar o botão de reversão de emergência no topo do timão. | C7: — | D7: N1 (ação) / N3 (se falhar) | E7: 5.3.3
A8: Máquina não liga (contator não atua) | B8: Verificar carga da bateria, parada de emergência rearmada e conector. Persistindo, bloquear. | C8: Fusível queimado; chave de energia ou trava elétrica com defeito; conexão da bateria solta | D8: N2 (fusível, conexão) / N3 | E8: Tab. 9-1
A9: Garfo não sobe | B9: Não insistir. Conferir carga x capacidade e bateria. | C9: Sobrecarga; óleo insuficiente; bateria fraca; bomba/motor; válvula de alívio | D9: N2 (nível, carga) / N3 | E9: Tab. 9-7
A10: Garfo não desce após elevar | B10: Não ficar sob a carga. Isolar a área. BLOQUEAR. | C10: Mastro deformado; rolete danificado; orifício de retorno obstruído; válvula eletromagnética | D10: N3 | E10: Tab. 9-8
A11: Só sobe/desce, não anda | B11: Conferir posição do timão (deve estar na área B). | C11: Timão fora da área B; contator; placa de circuito | D11: N1 / N3 | E11: 5.2.1 / Tab. 9-2
A12: Direção dura, ruído, motor esquentando | B12: Parar e reportar. | C12: Rolamento preso ou sem lubrificação; folga de engrenagem; rolamento da roda | D12: N3 | E12: Tab. 9-5, 9-6
A13: Máquina treme em movimento | B13: Parar e reportar. | C13: Porcas da roda motriz soltas; rodas fora do mesmo plano | D13: N2 (reaperto) / N3 | E13: Tab. 9-10
A14: Autonomia da bateria caiu | B14: Recarregar completamente; registrar. | C14: Célula danificada; eletrólito baixo ou contaminado | D14: N2 (eletrólito) / N3 | E14: Tab. 9-9
A15: Derrame de ácido / contato com pele ou olhos | B15: Pele: lavar com muita água. Olhos: lavar com muita água e procurar médico. Roupa: retirar e lavar. Piso: neutralizar com cal ou bicarbonato e lavar. | C15: Tombamento ou dano da bateria | D15: Todos (1º socorro) / N2 | E15: 6.8
... A17: Código de falha no visor | B17: Anotar o código no checklist/OS e reportar. | C17: Ver Tabelas 10 e 12 do manual (códigos 1,2 a 9,4) | D17: N3 | E17: Cap. 13

Sheet Insumos e Ferramentas
A1: Lubrificantes, consumíveis, ferramentas e EPI recomendados
A2: Especificações do manual (item 9.9). Ferramentas especificadas por característica técnica, não por marca: compare orçamentos que atendam à especificação.
A4: Tipo | B4: Item | C4: Especificação mínima | D4: Uso / tarefa | E4: Fonte
A5: Lubrificante | B5: Óleo hidráulico (padrão) | C5: HLP ISO VG 46, DIN 51524-2 — 12 L por troca | D5: K01, M03 | E5: Manual 9.9 / 9.3
A6: Lubrificante | B6: Óleo hidráulico (carga pesada, >60 °C) | C6: HLP ISO VG 68, DIN 51524-2 | D6: Só se a AT recomendar | E6: Manual 9.9.b
A7: Lubrificante | B7: Óleo hidráulico (baixa temperatura, <60 °C) | C7: HLP ISO VG 32, DIN 51524-2 | D7: Câmaras frias | E7: Manual 9.9.c
A8: Lubrificante | B8: Óleo de engrenagem | C8: SAE 85W-90, API GL-5 (hipoide) | D8: K02 | E8: Manual 9.9
A9: Lubrificante | B9: Graxa | C9: Graxa de lítio NLGI 3 | D9: M06, articulações | E9: Manual 9.9
A10: Bateria | B10: Água destilada / desmineralizada | C10: Pura, sem minerais; nunca água de torneira | D10: S04 | E10: Manual 6.2.4
A11: Bateria | B11: Eletrólito (só carga inicial ou correção por profissional) | C11: Ácido sulfúrico 1,260 ± 0,005 (25 °C); correção com 1,40 | D11: Carga inicial | E11: Manual 6.2.3 / 6.2.7
A12: Limpeza | B12: Spray limpa-contatos | C12: Para contatos elétricos, não condutivo | D12: M07, armazenamento | E12: Manual 10.1.h
A13: Limpeza | B13: Bicarbonato de sódio ou cal | C13: Neutralização de ácido | D13: S06, emergência | E13: Manual 6.8.d
A14: Ferramenta | B14: Calibrador de lâminas (cálibre de folga) | C14: Faixa 0,05–1,00 mm, lâminas de 0,05 mm | D14: S01, M01, T02 | E14: Freio
A15: Ferramenta | B15: Densímetro de bateria | C15: De aspiração, escala 1,100–1,300 g/ml, com termômetro | D15: S05, M09, B01 | E15: Manual 6.6.a
... A29: EPI | B29: Botina de segurança | C29: Com biqueira, com CA | D29: Todos | E29: Manual 2.1.2 / NR-6
